{
    "root_group": {
        "name": "",
        "path": "",
        "id": "d41d8cd98f00b204e9800998ecf8427e",
        "groups": {},
        "checks": {
                "status is 200": {
                    "passes": 1616457,
                    "fails": 0,
                    "name": "status is 200",
                    "path": "::status is 200",
                    "id": "6210a8cd14cd70477eba5c5e4cb3fb5f"
                }
            }
    },
    "metrics": {
        "vus": {
            "value": 2151,
            "min": 2151,
            "max": 5000
        },
        "http_req_duration": {
            "max": 7826.278,
            "p(90)": 3059.6584,
            "p(95)": 3541.7934,
            "p(99)": 4695.061,
            "avg": 1859.359883645439,
            "min": 1020.308,
            "med": 1536.227,
            "thresholds": {
                "p(95)<2000": true
            }
        },
        "http_req_connecting": {
            "p(90)": 0,
            "p(95)": 0,
            "p(99)": 0,
            "avg": 0.005183534111949749,
            "min": 0,
            "med": 0,
            "max": 62.518
        },
        "http_req_sending": {
            "med": 0.004,
            "max": 4.402,
            "p(90)": 0.019,
            "p(95)": 0.028,
            "p(99)": 0.049,
            "avg": 0.00826806961158749,
            "min": 0.001
        },
        "http_reqs": {
            "count": 1616457,
            "rate": 2682.0167209682622
        },
        "http_req_failed": {
            "passes": 0,
            "fails": 1616457,
            "thresholds": {
                "rate<0.01": false
            },
            "value": 0
        },
        "http_req_blocked": {
            "max": 62.528,
            "p(90)": 0.002,
            "p(95)": 0.002,
            "p(99)": 0.005,
            "avg": 0.006399282505067616,
            "min": 0,
            "med": 0.001
        },
        "http_req_waiting": {
            "avg": 1859.3370803430914,
            "min": 1020.293,
            "med": 1536.206,
            "max": 7826.23,
            "p(90)": 3059.6428,
            "p(95)": 3541.768199999999,
            "p(99)": 4695.00544
        },
        "data_sent": {
            "count": 345921798,
            "rate": 573951.5782872081
        },
        "data_received": {
            "count": 900366549,
            "rate": 1493883.313579322
        },
        "checks": {
            "passes": 1616457,
            "fails": 0,
            "value": 1
        },
        "vus_max": {
            "value": 5000,
            "min": 4343,
            "max": 5000
        },
        "iteration_duration": {
            "p(90)": 3059.705225,
            "p(95)": 3541.8098996,
            "p(99)": 4695.21228852,
            "avg": 1859.3985642934517,
            "min": 1020.357541,
            "med": 1536.259125,
            "max": 7826.426708
        },
        "iterations": {
            "count": 1616457,
            "rate": 2682.0167209682622
        },
        "http_req_duration{expected_response:true}": {
            "p(95)": 3541.7934,
            "p(99)": 4695.061,
            "avg": 1859.359883645439,
            "min": 1020.308,
            "med": 1536.227,
            "max": 7826.278,
            "p(90)": 3059.6584
        },
        "http_req_receiving": {
            "p(90)": 0.028,
            "p(95)": 0.036,
            "p(99)": 0.056,
            "avg": 0.014535232919886907,
            "min": 0.004,
            "med": 0.01,
            "max": 9.612
        },
        "http_req_tls_handshaking": {
            "avg": 0,
            "min": 0,
            "med": 0,
            "max": 0,
            "p(90)": 0,
            "p(95)": 0,
            "p(99)": 0
        },
        "dropped_iterations": {
            "rate": 22205.903895875028,
            "count": 13383544
        }
    }
}