{
    "root_group": {
        "path": "",
        "id": "d41d8cd98f00b204e9800998ecf8427e",
        "groups": {},
        "checks": {
                "status is 200": {
                    "id": "6210a8cd14cd70477eba5c5e4cb3fb5f",
                    "passes": 14945447,
                    "fails": 0,
                    "name": "status is 200",
                    "path": "::status is 200"
                }
            },
        "name": ""
    },
    "metrics": {
        "http_req_sending": {
            "max": 127.237,
            "p(90)": 0.029,
            "p(95)": 0.05,
            "p(99)": 0.459,
            "avg": 0.034972979196749125,
            "min": 0.001,
            "med": 0.004
        },
        "checks": {
            "passes": 14945447,
            "fails": 0,
            "value": 1
        },
        "http_req_duration": {
            "avg": 11.93857834329152,
            "min": 1.283,
            "med": 6.34,
            "max": 1238.749,
            "p(90)": 16.994,
            "p(95)": 37.554,
            "p(99)": 114.66753999999987,
            "thresholds": {
                "p(95)<2000": false
            }
        },
        "http_req_connecting": {
            "med": 0,
            "max": 73.172,
            "p(90)": 0,
            "p(95)": 0,
            "p(99)": 0,
            "avg": 0.000689343851676029,
            "min": 0
        },
        "http_req_tls_handshaking": {
            "p(99)": 0,
            "avg": 0,
            "min": 0,
            "med": 0,
            "max": 0,
            "p(90)": 0,
            "p(95)": 0
        },
        "data_sent": {
            "count": 3198325658,
            "rate": 5330332.419532171
        },
        "data_received": {
            "count": 4438797759,
            "rate": 7397704.339257265
        },
        "http_req_waiting": {
            "p(99)": 114.261,
            "avg": 11.88702159694537,
            "min": 1.258,
            "med": 6.318,
            "max": 1238.741,
            "p(90)": 16.887,
            "p(95)": 37.282
        },
        "http_reqs": {
            "count": 14945447,
            "rate": 24908.095418374633
        },
        "http_req_receiving": {
            "avg": 0.01658376715037434,
            "min": 0.003,
            "med": 0.008,
            "max": 44.413,
            "p(90)": 0.019,
            "p(95)": 0.028,
            "p(99)": 0.069
        },
        "iteration_duration": {
            "avg": 11.993830358733117,
            "min": 1.309458,
            "med": 6.384542,
            "max": 1238.775458,
            "p(90)": 17.062667,
            "p(95)": 37.64152129999986,
            "p(99)": 114.96130481999995
        },
        "iterations": {
            "count": 14945447,
            "rate": 24908.095418374633
        },
        "dropped_iterations": {
            "count": 54554,
            "rate": 90.91974548864344
        },
        "http_req_duration{expected_response:true}": {
            "max": 1238.749,
            "p(90)": 16.994,
            "p(95)": 37.554,
            "p(99)": 114.66753999999987,
            "avg": 11.93857834329152,
            "min": 1.283,
            "med": 6.34
        },
        "http_req_failed": {
            "passes": 0,
            "fails": 14945447,
            "thresholds": {
                "rate<0.01": false
            },
            "value": 0
        },
        "vus": {
            "min": 84,
            "max": 5000,
            "value": 116
        },
        "vus_max": {
            "value": 5000,
            "min": 1900,
            "max": 5000
        },
        "http_req_blocked": {
            "p(95)": 0.003,
            "p(99)": 0.005,
            "avg": 0.001958560222610603,
            "min": 0,
            "med": 0.001,
            "max": 73.199,
            "p(90)": 0.002
        }
    }
}