{
    "metrics": {
        "http_req_waiting": {
            "p(90)": 8.974,
            "p(95)": 10.271,
            "p(99)": 16.502709999999986,
            "avg": 6.72244445704613,
            "min": 1.652,
            "med": 6.369,
            "max": 100.864
        },
        "data_sent": {
            "count": 320771020,
            "rate": 5345668.076980642
        },
        "iteration_duration": {
            "p(90)": 9.070754100000002,
            "p(95)": 10.442523099999997,
            "p(99)": 16.77794582,
            "avg": 6.808681093167457,
            "min": 1.700375,
            "med": 6.433416,
            "max": 136.058666
        },
        "http_reqs": {
            "rate": 24979.757369068422,
            "count": 1498930
        },
        "http_req_failed": {
            "passes": 0,
            "fails": 1498930,
            "thresholds": {
                "rate<0.01": false
            },
            "value": 0
        },
        "data_received": {
            "rate": 7418987.938613321,
            "count": 445182210
        },
        "vus_max": {
            "value": 1161,
            "min": 1072,
            "max": 1161
        },
        "http_req_receiving": {
            "max": 7.012,
            "p(90)": 0.019,
            "p(95)": 0.028,
            "p(99)": 0.077,
            "avg": 0.011713758480946579,
            "min": 0.003,
            "med": 0.007
        },
        "dropped_iterations": {
            "rate": 17.864943592857138,
            "count": 1072
        },
        "iterations": {
            "count": 1498930,
            "rate": 24979.757369068422
        },
        "http_req_blocked": {
            "min": 0,
            "med": 0.001,
            "max": 109.208,
            "p(90)": 0.002,
            "p(95)": 0.002,
            "p(99)": 0.005,
            "avg": 0.008857861274577857
        },
        "http_req_connecting": {
            "max": 107.77,
            "p(90)": 0,
            "p(95)": 0,
            "p(99)": 0,
            "avg": 0.00756085607733516,
            "min": 0,
            "med": 0
        },
        "http_req_sending": {
            "min": 0.001,
            "med": 0.003,
            "max": 13.23,
            "p(90)": 0.023,
            "p(95)": 0.04,
            "p(99)": 0.395,
            "avg": 0.021674663927214687
        },
        "vus": {
            "value": 151,
            "min": 111,
            "max": 619
        },
        "http_req_duration{expected_response:true}": {
            "avg": 6.755832879454337,
            "min": 1.669,
            "med": 6.391,
            "max": 100.875,
            "p(90)": 9.021,
            "p(95)": 10.38,
            "p(99)": 16.693709999999985
        },
        "http_req_tls_handshaking": {
            "p(90)": 0,
            "p(95)": 0,
            "p(99)": 0,
            "avg": 0,
            "min": 0,
            "med": 0,
            "max": 0
        },
        "checks": {
            "fails": 0,
            "passes": 1498930,
            "value": 1
        },
        "http_req_duration": {
            "avg": 6.755832879454337,
            "min": 1.669,
            "med": 6.391,
            "max": 100.875,
            "p(90)": 9.021,
            "p(95)": 10.38,
            "p(99)": 16.693709999999985,
            "thresholds": {
                "p(95)<2000": false
            }
        }
    },
    "root_group": {
        "checks": {
            "status is 200": {
                "name": "status is 200",
                "path": "::status is 200",
                "id": "6210a8cd14cd70477eba5c5e4cb3fb5f",
                "passes": 1498930,
                "fails": 0
            }
        },
        "name": "",
        "path": "",
        "id": "d41d8cd98f00b204e9800998ecf8427e",
        "groups": {}
    }
}