{
    "root_group": {
        "path": "",
        "id": "d41d8cd98f00b204e9800998ecf8427e",
        "groups": {},
        "checks": {
                "status is 200": {
                    "name": "status is 200",
                    "path": "::status is 200",
                    "id": "6210a8cd14cd70477eba5c5e4cb3fb5f",
                    "passes": 0,
                    "fails": 5000
                }
            },
        "name": ""
    },
    "metrics": {
        "http_req_receiving": {
            "avg": 0,
            "min": 0,
            "med": 0,
            "max": 0,
            "p(90)": 0,
            "p(95)": 0,
            "p(99)": 0
        },
        "checks": {
            "passes": 0,
            "fails": 5000,
            "value": 0
        },
        "http_req_failed": {
            "passes": 5000,
            "fails": 0,
            "thresholds": {
                "rate<0.01": true
            },
            "value": 1
        },
        "vus_max": {
            "value": 5000,
            "min": 5000,
            "max": 5000
        },
        "http_req_tls_handshaking": {
            "p(99)": 0,
            "avg": 0,
            "min": 0,
            "med": 0,
            "max": 0,
            "p(90)": 0,
            "p(95)": 0
        },
        "data_sent": {
            "count": 1070000,
            "rate": 17551.422674853548
        },
        "http_req_waiting": {
            "max": 60025.094,
            "p(90)": 60000.414,
            "p(95)": 60012.207050000005,
            "p(99)": 60018.5049,
            "avg": 59999.73313020011,
            "min": 59966.473,
            "med": 59999.661
        },
        "iteration_duration": {
            "avg": 60005.5221521106,
            "min": 60000.057667,
            "med": 60000.138021,
            "max": 60055.786125,
            "p(90)": 60031.7672789,
            "p(95)": 60039.19662355,
            "p(99)": 60044.61958292
        },
        "http_req_connecting": {
            "avg": 1.3198859999999952,
            "min": 0.031,
            "med": 0.061,
            "max": 32.447,
            "p(90)": 2.2153,
            "p(95)": 3.7520499999999997,
            "p(99)": 32.01901
        },
        "http_req_sending": {
            "p(99)": 0.26600999999999997,
            "avg": 0.022080000000000398,
            "min": 0.003,
            "med": 0.01,
            "max": 2.21,
            "p(90)": 0.029,
            "p(95)": 0.053
        },
        "data_received": {
            "count": 0,
            "rate": 0
        },
        "dropped_iterations": {
            "count": 1495001,
            "rate": 24522.798551709093
        },
        "http_reqs": {
            "count": 5000,
            "rate": 82.01599380772686
        },
        "iterations": {
            "count": 5000,
            "rate": 82.01599380772686
        },
        "http_req_duration": {
            "med": 59999.672,
            "max": 60025.101,
            "p(90)": 60000.450000000004,
            "p(95)": 60012.29365,
            "p(99)": 60018.80276,
            "avg": 59999.75521019994,
            "min": 59966.532,
            "thresholds": {
                "p(95)<2000": true
            }
        },
        "vus": {
            "value": 5000,
            "min": 5000,
            "max": 5000
        },
        "http_req_blocked": {
            "p(99)": 32.35216,
            "avg": 1.3793164000000038,
            "min": 0.042,
            "med": 0.084,
            "max": 34.196,
            "p(90)": 2.4891,
            "p(95)": 3.846299999999999
        }
    }
}