{
    "metrics": {
        "http_req_duration{expected_response:true}": {
            "p(99)": 14.122,
            "avg": 6.199854201997853,
            "min": 1.694,
            "med": 5.949,
            "max": 61.061,
            "p(90)": 8.266,
            "p(95)": 9.243
        },
        "http_req_receiving": {
            "p(99)": 0.072,
            "avg": 0.011098131860004587,
            "min": 0.003,
            "med": 0.007,
            "max": 20.289,
            "p(90)": 0.019,
            "p(95)": 0.028
        },
        "iteration_duration": {
            "avg": 6.248398279764317,
            "min": 1.720542,
            "med": 5.990958,
            "max": 109.289291,
            "p(90)": 8.310959,
            "p(95)": 9.298625,
            "p(99)": 14.209355079999998
        },
        "iterations": {
            "count": 1499513,
            "rate": 24989.999087402142
        },
        "vus": {
            "min": 110,
            "max": 563,
            "value": 150
        },
        "http_req_duration": {
            "p(99)": 14.122,
            "avg": 6.199854201997853,
            "min": 1.694,
            "med": 5.949,
            "max": 61.061,
            "p(90)": 8.266,
            "p(95)": 9.243,
            "thresholds": {
                "p(95)<2000": false
            }
        },
        "http_reqs": {
            "count": 1499513,
            "rate": 24989.999087402142
        },
        "checks": {
            "passes": 1499513,
            "fails": 0,
            "value": 1
        },
        "data_sent": {
            "count": 320895782,
            "rate": 5347859.804704058
        },
        "http_req_connecting": {
            "p(99)": 0,
            "avg": 0.005581116669211937,
            "min": 0,
            "med": 0,
            "max": 90.47,
            "p(90)": 0,
            "p(95)": 0
        },
        "dropped_iterations": {
            "count": 488,
            "rate": 8.132720126235816
        },
        "http_req_waiting": {
            "avg": 6.170003814571822,
            "min": 1.681,
            "med": 5.928,
            "max": 61.005,
            "p(90)": 8.224,
            "p(95)": 9.165,
            "p(99)": 13.91
        },
        "http_req_tls_handshaking": {
            "min": 0,
            "med": 0,
            "max": 0,
            "p(90)": 0,
            "p(95)": 0,
            "p(99)": 0,
            "avg": 0
        },
        "http_req_sending": {
            "avg": 0.018752255565896575,
            "min": 0.001,
            "med": 0.003,
            "max": 9.946,
            "p(90)": 0.022,
            "p(95)": 0.038,
            "p(99)": 0.35
        },
        "http_req_blocked": {
            "p(90)": 0.002,
            "p(95)": 0.002,
            "p(99)": 0.005,
            "avg": 0.006765029713171019,
            "min": 0,
            "med": 0.001,
            "max": 92.222
        },
        "vus_max": {
            "min": 1066,
            "max": 1078,
            "value": 1078
        },
        "data_received": {
            "rate": 7422029.728958436,
            "count": 445355361
        },
        "http_req_failed": {
            "passes": 0,
            "fails": 1499513,
            "thresholds": {
                "rate<0.01": false
            },
            "value": 0
        }
    },
    "root_group": {
        "checks": {
            "status is 200": {
                "id": "6210a8cd14cd70477eba5c5e4cb3fb5f",
                "passes": 1499513,
                "fails": 0,
                "name": "status is 200",
                "path": "::status is 200"
            }
        },
        "name": "",
        "path": "",
        "id": "d41d8cd98f00b204e9800998ecf8427e",
        "groups": {}
    }
}